datetime,open,high,low,close,volume,ticker,instrument,expiry,option_type,strike,oi
2020-01-01 09:15:59,1503.75,1510.55,1503.75,1508.05,267491,RELIANCE-EQ,RELIANCE,,,,
2020-01-01 09:16:59,1503.75,1510.55,1503.75,1508.05,267491,RELIANCE-EQ,RELIANCE,,,,
2020-01-01 09:17:59,1503.75,1510.55,1503.75,1508.05,267491,RELIANCE-EQ,RELIANCE,,,,
2020-01-01 09:18:59,1503.75,1510.55,1503.75,1508.05,267491,RELIANCE-EQ,RELIANCE,,,,
2020-01-01 09:19:59,1503.75,1510.55,1503.75,1508.05,267491,RELIANCE-EQ,RELIANCE,,,,
2020-01-01 09:20:59,1508.2,1512.75,1508.05,1510.95,245105,RELIANCE-EQ,RELIANCE,,,,
2020-01-01 09:21:59,1508.2,1512.75,1508.05,1510.95,245105,RELIANCE-EQ,RELIANCE,,,,
2020-01-01 09:22:59,1508.2,1512.75,1508.05,1510.95,245105,RELIANCE-EQ,RELIANCE,,,,
2020-01-01 09:23:59,1508.2,1512.75,1508.05,1510.95,245105,RELIANCE-EQ,RELIANCE,,,,
2020-01-01 09:24:59,1508.2,1512.75,1508.05,1510.95,245105,RELIANCE-EQ,RELIANCE,,,,
2020-01-01 09:25:59,1510.7,1512.05,1509.7,1511.65,114496,RELIANCE-EQ,RELIANCE,,,,
2020-01-01 09:26:59,1510.7,1512.05,1509.7,1511.65,114496,RELIANCE-EQ,RELIANCE,,,,
2020-01-01 09:27:59,1510.7,1512.05,1509.7,1511.65,114496,RELIANCE-EQ,RELIANCE,,,,
2020-01-01 09:28:59,1510.7,1512.05,1509.7,1511.65,114496,RELIANCE-EQ,RELIANCE,,,,
2020-01-01 09:29:59,1510.7,7000,7000.7,1511.65,114496,RELIANCE-EQ,RELIANCE,,,,
2020-01-01 09:30:59,1511.3,1511.8,1508.5,1509.2,97135,RELIANCE-EQ,RELIANCE,,,,
2020-01-01 09:31:59,1511.3,1511.8,1508.5,1509.2,97135,RELIANCE-EQ,RELIANCE,,,,
2020-01-01 09:32:59,1511.3,1511.8,1508.5,1509.2,97135,RELIANCE-EQ,RELIANCE,,,,
2020-01-01 09:33:59,1511.3,1511.8,1508.5,1509.2,97135,RELIANCE-EQ,RELIANCE,,,,
2020-01-01 09:34:59,1511.3,1511.8,1508.5,1509.2,97135,RELIANCE-EQ,RELIANCE,,,,
2020-01-01 09:35:59,1508.9,1510.2,1508.7,1509.7,64139,RELIANCE-EQ,RELIANCE,,,,
2020-01-01 09:36:59,1508.9,1510.2,1508.7,1509.7,64139,RELIANCE-EQ,RELIANCE,,,,
2020-01-01 09:37:59,1508.9,1510.2,1508.7,1509.7,64139,RELIANCE-EQ,RELIANCE,,,,
2020-01-01 09:38:59,1508.9,1510.2,1508.7,1509.7,64139,RELIANCE-EQ,RELIANCE,,,,
2020-01-01 09:39:59,1508.9,1510.2,1508.7,1509.7,64139,RELIANCE-EQ,RELIANCE,,,,
2020-01-01 09:40:59,1509.7,1509.7,1506.05,1507.2,88583,RELIANCE-EQ,RELIANCE,,,,
2020-01-01 09:41:59,1509.7,1509.7,1506.05,1507.2,88583,RELIANCE-EQ,RELIANCE,,,,
2020-01-01 09:42:59,1509.7,1509.7,1506.05,1507.2,88583,RELIANCE-EQ,RELIANCE,,,,
2020-01-01 09:43:59,1509.7,1509.7,1506.05,1507.2,88583,RELIANCE-EQ,RELIANCE,,,,
2020-01-01 09:44:59,1509.7,1509.7,1506.05,1507.2,88583,RELIANCE-EQ,RELIANCE,,,,
2020-01-01 09:45:59,1507.2,1507.7,1506.65,1507.3,78284,RELIANCE-EQ,RELIANCE,,,,
2020-01-01 09:46:59,1507.2,1507.7,1506.65,1507.3,78284,RELIANCE-EQ,RELIANCE,,,,
2020-01-01 09:47:59,1507.2,1507.7,1506.65,1507.3,78284,RELIANCE-EQ,RELIANCE,,,,
2020-01-01 09:48:59,1507.2,1507.7,1506.65,1507.3,78284,RELIANCE-EQ,RELIANCE,,,,
2020-01-01 09:49:59,1507.2,1507.7,1506.65,1507.3,78284,RELIANCE-EQ,RELIANCE,,,,
2020-01-01 09:50:59,1507.3,1510.7,1507.0,1509.75,62267,RELIANCE-EQ,RELIANCE,,,,
2020-01-01 09:51:59,1507.3,1510.7,1507.0,1509.75,62267,RELIANCE-EQ,RELIANCE,,,,
2020-01-01 09:52:59,1507.3,1510.7,1507.0,1509.75,62267,RELIANCE-EQ,RELIANCE,,,,
2020-01-01 09:53:59,1507.3,1510.7,1507.0,1509.75,62267,RELIANCE-EQ,RELIANCE,,,,
2020-01-01 09:54:59,1507.3,1510.7,1507.0,1509.75,62267,RELIANCE-EQ,RELIANCE,,,,
2020-01-01 09:55:59,1509.5,1510.25,1508.7,1508.7,48096,RELIANCE-EQ,RELIANCE,,,,
2020-01-01 09:56:59,1509.5,1510.25,1508.7,1508.7,48096,RELIANCE-EQ,RELIANCE,,,,
2020-01-01 09:57:59,1509.5,1510.25,1508.7,1508.7,48096,RELIANCE-EQ,RELIANCE,,,,
2020-01-01 09:58:59,1509.5,1510.25,1508.7,1508.7,48096,RELIANCE-EQ,RELIANCE,,,,
2020-01-01 09:59:59,1509.5,1510.25,1508.7,1508.7,48096,RELIANCE-EQ,RELIANCE,,,,
2020-01-01 10:00:59,1508.7,1509.45,1507.2,1507.2,44610,RELIANCE-EQ,RELIANCE,,,,
2020-01-01 10:01:59,1508.7,1509.45,1507.2,1507.2,44610,RELIANCE-EQ,RELIANCE,,,,
2020-01-01 10:02:59,1508.7,1509.45,1507.2,1507.2,44610,RELIANCE-EQ,RELIANCE,,,,
2020-01-01 10:03:59,1508.7,1509.45,1507.2,1507.2,44610,RELIANCE-EQ,RELIANCE,,,,
2020-01-01 10:04:59,1508.7,1509.45,1507.2,1507.2,44610,RELIANCE-EQ,RELIANCE,,,,
2020-01-01 10:05:59,1507.3,1507.7,1502.3,1504.75,152389,RELIANCE-EQ,RELIANCE,,,,
2020-01-01 10:06:59,1507.3,1507.7,1502.3,1504.75,152389,RELIANCE-EQ,RELIANCE,,,,
2020-01-01 10:07:59,1507.3,1507.7,1502.3,1504.75,152389,RELIANCE-EQ,RELIANCE,,,,
2020-01-01 10:08:59,1507.3,1507.7,1502.3,1504.75,152389,RELIANCE-EQ,RELIANCE,,,,
2020-01-01 10:09:59,1507.3,1507.7,1502.3,1504.75,152389,RELIANCE-EQ,RELIANCE,,,,
2020-01-01 10:10:59,1504.55,1506.1,1504.25,1505.7,67663,RELIANCE-EQ,RELIANCE,,,,
2020-01-01 10:11:59,1504.55,1506.1,1504.25,1505.7,67663,RELIANCE-EQ,RELIANCE,,,,
2020-01-01 10:12:59,1504.55,1506.1,1504.25,1505.7,67663,RELIANCE-EQ,RELIANCE,,,,
2020-01-01 10:13:59,1504.55,1506.1,1504.25,1505.7,67663,RELIANCE-EQ,RELIANCE,,,,
2020-01-01 10:14:59,1504.55,1506.1,1504.25,1505.7,67663,RELIANCE-EQ,RELIANCE,,,,
2020-01-01 10:15:59,1505.55,1506.6,1504.8,1505.3,41447,RELIANCE-EQ,RELIANCE,,,,
2020-01-01 10:16:59,1505.55,1506.6,1504.8,1505.3,41447,RELIANCE-EQ,RELIANCE,,,,
2020-01-01 10:17:59,1505.55,1506.6,1504.8,1505.3,41447,RELIANCE-EQ,RELIANCE,,,,
2020-01-01 10:18:59,1505.55,1506.6,1504.8,1505.3,41447,RELIANCE-EQ,RELIANCE,,,,
2020-01-01 10:19:59,1505.55,1506.6,1504.8,1505.3,41447,RELIANCE-EQ,RELIANCE,,,,
2020-01-01 10:20:59,1505.35,1505.35,1504.25,1504.7,39772,RELIANCE-EQ,RELIANCE,,,,
2020-01-01 10:21:59,1505.35,1505.35,1504.25,1504.7,39772,RELIANCE-EQ,RELIANCE,,,,
2020-01-01 10:22:59,1505.35,1505.35,1504.25,1504.7,39772,RELIANCE-EQ,RELIANCE,,,,
2020-01-01 10:23:59,1505.35,1505.35,1504.25,1504.7,39772,RELIANCE-EQ,RELIANCE,,,,
2020-01-01 10:24:59,1505.35,1505.35,1504.25,1504.7,39772,RELIANCE-EQ,RELIANCE,,,,
2020-01-01 10:25:59,1504.75,1505.75,1503.9,1505.75,47429,RELIANCE-EQ,RELIANCE,,,,
2020-01-01 10:26:59,1504.75,1505.75,1503.9,1505.75,47429,RELIANCE-EQ,RELIANCE,,,,
2020-01-01 10:27:59,1504.75,1505.75,1503.9,1505.75,47429,RELIANCE-EQ,RELIANCE,,,,
2020-01-01 10:28:59,1504.75,1505.75,1503.9,1505.75,47429,RELIANCE-EQ,RELIANCE,,,,
2020-01-01 10:29:59,1504.75,1505.75,1503.9,1505.75,47429,RELIANCE-EQ,RELIANCE,,,,
2020-01-01 10:30:59,1505.75,1508.2,1504.95,1506.7,61406,RELIANCE-EQ,RELIANCE,,,,
2020-01-01 10:31:59,1505.75,1508.2,1504.95,1506.7,61406,RELIANCE-EQ,RELIANCE,,,,
2020-01-01 10:32:59,1505.75,1508.2,1504.95,1506.7,61406,RELIANCE-EQ,RELIANCE,,,,
2020-01-01 10:33:59,1505.75,1508.2,1504.95,1506.7,61406,RELIANCE-EQ,RELIANCE,,,,
2020-01-01 10:34:59,1505.75,1508.2,1504.95,1506.7,61406,RELIANCE-EQ,RELIANCE,,,,
2020-01-01 10:35:59,1506.7,1508.2,1506.25,1507.7,41867,RELIANCE-EQ,RELIANCE,,,,
2020-01-01 10:36:59,1506.7,1508.2,1506.25,1507.7,41867,RELIANCE-EQ,RELIANCE,,,,
2020-01-01 10:37:59,1506.7,1508.2,1506.25,1507.7,41867,RELIANCE-EQ,RELIANCE,,,,
2020-01-01 10:38:59,1506.7,1508.2,1506.25,1507.7,41867,RELIANCE-EQ,RELIANCE,,,,
2020-01-01 10:39:59,1506.7,1508.2,1506.25,1507.7,41867,RELIANCE-EQ,RELIANCE,,,,
2020-01-01 10:40:59,1508.0,1508.0,1506.7,1507.15,39340,RELIANCE-EQ,RELIANCE,,,,
2020-01-01 10:41:59,1508.0,1508.0,1506.7,1507.15,39340,RELIANCE-EQ,RELIANCE,,,,
2020-01-01 10:42:59,1508.0,1508.0,1506.7,1507.15,39340,RELIANCE-EQ,RELIANCE,,,,
2020-01-01 10:43:59,1508.0,1508.0,1506.7,1507.15,39340,RELIANCE-EQ,RELIANCE,,,,
2020-01-01 10:44:59,1508.0,1508.0,1506.7,1507.15,39340,RELIANCE-EQ,RELIANCE,,,,
2020-01-01 10:45:59,1507.15,1507.2,1504.75,1505.75,69013,RELIANCE-EQ,RELIANCE,,,,
2020-01-01 10:46:59,1507.15,1507.2,1504.75,1505.75,69013,RELIANCE-EQ,RELIANCE,,,,
2020-01-01 10:47:59,1507.15,1507.2,1504.75,1505.75,69013,RELIANCE-EQ,RELIANCE,,,,
2020-01-01 10:48:59,1507.15,1507.2,1504.75,1505.75,69013,RELIANCE-EQ,RELIANCE,,,,
2020-01-01 10:49:59,1507.15,1507.2,1504.75,1505.75,69013,RELIANCE-EQ,RELIANCE,,,,
2020-01-01 10:50:59,1505.75,1505.75,1501.25,1503.6,135174,RELIANCE-EQ,RELIANCE,,,,
2020-01-01 10:51:59,1505.75,1505.75,1501.25,1503.6,135174,RELIANCE-EQ,RELIANCE,,,,
2020-01-01 10:52:59,1505.75,1505.75,1501.25,1503.6,135174,RELIANCE-EQ,RELIANCE,,,,
2020-01-01 10:53:59,1505.75,1505.75,1501.25,1503.6,135174,RELIANCE-EQ,RELIANCE,,,,
2020-01-01 10:54:59,1505.75,1505.75,1501.25,1503.6,135174,RELIANCE-EQ,RELIANCE,,,,
2020-01-01 10:55:59,1503.65,1504.55,1502.05,1502.75,93995,RELIANCE-EQ,RELIANCE,,,,
2020-01-01 10:56:59,1503.65,1504.55,1502.05,1502.75,93995,RELIANCE-EQ,RELIANCE,,,,
2020-01-01 10:57:59,1503.65,1504.55,1502.05,1502.75,93995,RELIANCE-EQ,RELIANCE,,,,
2020-01-01 10:58:59,1503.65,1504.55,1502.05,1502.75,93995,RELIANCE-EQ,RELIANCE,,,,
2020-01-01 10:59:59,1503.65,1504.55,1502.05,1502.75,93995,RELIANCE-EQ,RELIANCE,,,,
2020-01-01 11:00:59,1502.75,1505.65,1502.65,1504.15,49766,RELIANCE-EQ,RELIANCE,,,,
2020-01-01 11:01:59,1502.75,1505.65,1502.65,1504.15,49766,RELIANCE-EQ,RELIANCE,,,,
2020-01-01 11:02:59,1502.75,1505.65,1502.65,1504.15,49766,RELIANCE-EQ,RELIANCE,,,,
2020-01-01 11:03:59,1502.75,1505.65,1502.65,1504.15,49766,RELIANCE-EQ,RELIANCE,,,,
2020-01-01 11:04:59,1502.75,1505.65,1502.65,1504.15,49766,RELIANCE-EQ,RELIANCE,,,,
2020-01-01 11:05:59,1504.05,1504.65,1503.45,1504.15,18569,RELIANCE-EQ,RELIANCE,,,,
2020-01-01 11:06:59,1504.05,1504.65,1503.45,1504.15,18569,RELIANCE-EQ,RELIANCE,,,,
2020-01-01 11:07:59,1504.05,1504.65,1503.45,1504.15,18569,RELIANCE-EQ,RELIANCE,,,,
2020-01-01 11:08:59,1504.05,1504.65,1503.45,1504.15,18569,RELIANCE-EQ,RELIANCE,,,,
2020-01-01 11:09:59,1504.05,1504.65,1503.45,1504.15,18569,RELIANCE-EQ,RELIANCE,,,,
2020-01-01 11:10:59,1504.45,1504.75,1503.75,1504.55,22949,RELIANCE-EQ,RELIANCE,,,,
2020-01-01 11:11:59,1504.45,1504.75,1503.75,1504.55,22949,RELIANCE-EQ,RELIANCE,,,,
2020-01-01 11:12:59,1504.45,1504.75,1503.75,1504.55,22949,RELIANCE-EQ,RELIANCE,,,,
2020-01-01 11:13:59,1504.45,1504.75,1503.75,1504.55,22949,RELIANCE-EQ,RELIANCE,,,,
2020-01-01 11:14:59,1504.45,1504.75,1503.75,1504.55,22949,RELIANCE-EQ,RELIANCE,,,,
2020-01-01 11:15:59,1504.65,1504.75,1504.1,1504.2,24125,RELIANCE-EQ,RELIANCE,,,,
2020-01-01 11:16:59,1504.65,1504.75,1504.1,1504.2,24125,RELIANCE-EQ,RELIANCE,,,,
2020-01-01 11:17:59,1504.65,1504.75,1504.1,1504.2,24125,RELIANCE-EQ,RELIANCE,,,,
2020-01-01 11:18:59,1504.65,1504.75,1504.1,1504.2,24125,RELIANCE-EQ,RELIANCE,,,,
2020-01-01 11:19:59,1504.65,1504.75,1504.1,1504.2,24125,RELIANCE-EQ,RELIANCE,,,,
2020-01-01 11:20:59,1504.25,1504.65,1503.55,1503.55,21115,RELIANCE-EQ,RELIANCE,,,,
2020-01-01 11:21:59,1504.25,1504.65,1503.55,1503.55,21115,RELIANCE-EQ,RELIANCE,,,,
2020-01-01 11:22:59,1504.25,1504.65,1503.55,1503.55,21115,RELIANCE-EQ,RELIANCE,,,,
2020-01-01 11:23:59,1504.25,1504.65,1503.55,1503.55,21115,RELIANCE-EQ,RELIANCE,,,,
2020-01-01 11:24:59,1504.25,1504.65,1503.55,1503.55,21115,RELIANCE-EQ,RELIANCE,,,,
2020-01-01 11:25:59,1503.55,1504.55,1502.75,1504.55,34142,RELIANCE-EQ,RELIANCE,,,,
2020-01-01 11:26:59,1503.55,1504.55,1502.75,1504.55,34142,RELIANCE-EQ,RELIANCE,,,,
2020-01-01 11:27:59,1503.55,1504.55,1502.75,1504.55,34142,RELIANCE-EQ,RELIANCE,,,,
2020-01-01 11:28:59,1503.55,1504.55,1502.75,1504.55,34142,RELIANCE-EQ,RELIANCE,,,,
2020-01-01 11:29:59,1503.55,1504.55,1502.75,1504.55,34142,RELIANCE-EQ,RELIANCE,,,,
2020-01-01 11:30:59,1504.55,1505.15,1504.1,1505.15,23461,RELIANCE-EQ,RELIANCE,,,,
2020-01-01 11:31:59,1504.55,1505.15,1504.1,1505.15,23461,RELIANCE-EQ,RELIANCE,,,,
2020-01-01 11:32:59,1504.55,1505.15,1504.1,1505.15,23461,RELIANCE-EQ,RELIANCE,,,,
2020-01-01 11:33:59,1504.55,1505.15,1504.1,1505.15,23461,RELIANCE-EQ,RELIANCE,,,,
2020-01-01 11:34:59,1504.55,1505.15,1504.1,1505.15,23461,RELIANCE-EQ,RELIANCE,,,,
2020-01-01 11:35:59,1505.15,1505.55,1504.5,1505.2,31824,RELIANCE-EQ,RELIANCE,,,,
2020-01-01 11:36:59,1505.15,1505.55,1504.5,1505.2,31824,RELIANCE-EQ,RELIANCE,,,,
2020-01-01 11:37:59,1505.15,1505.55,1504.5,1505.2,31824,RELIANCE-EQ,RELIANCE,,,,
2020-01-01 11:38:59,1505.15,1505.55,1504.5,1505.2,31824,RELIANCE-EQ,RELIANCE,,,,
2020-01-01 11:39:59,1505.15,1505.55,1504.5,1505.2,31824,RELIANCE-EQ,RELIANCE,,,,
2020-01-01 11:40:59,1505.2,1505.2,1504.25,1504.6,14294,RELIANCE-EQ,RELIANCE,,,,
2020-01-01 11:41:59,1505.2,1505.2,1504.25,1504.6,14294,RELIANCE-EQ,RELIANCE,,,,
2020-01-01 11:42:59,1505.2,1505.2,1504.25,1504.6,14294,RELIANCE-EQ,RELIANCE,,,,
2020-01-01 11:43:59,1505.2,1505.2,1504.25,1504.6,14294,RELIANCE-EQ,RELIANCE,,,,
2020-01-01 11:44:59,1505.2,1505.2,1504.25,1504.6,14294,RELIANCE-EQ,RELIANCE,,,,
2020-01-01 11:45:59,1504.6,1504.65,1502.9,1503.4,23320,RELIANCE-EQ,RELIANCE,,,,
2020-01-01 11:46:59,1504.6,1504.65,1502.9,1503.4,23320,RELIANCE-EQ,RELIANCE,,,,
2020-01-01 11:47:59,1504.6,1504.65,1502.9,1503.4,23320,RELIANCE-EQ,RELIANCE,,,,
2020-01-01 11:48:59,1504.6,1504.65,1502.9,1503.4,23320,RELIANCE-EQ,RELIANCE,,,,
2020-01-01 11:49:59,1504.6,1504.65,1502.9,1503.4,23320,RELIANCE-EQ,RELIANCE,,,,
2020-01-01 11:50:59,1503.75,1503.75,1503.05,1503.25,20103,RELIANCE-EQ,RELIANCE,,,,
2020-01-01 11:51:59,1503.75,1503.75,1503.05,1503.25,20103,RELIANCE-EQ,RELIANCE,,,,
2020-01-01 11:52:59,1503.75,1503.75,1503.05,1503.25,20103,RELIANCE-EQ,RELIANCE,,,,
2020-01-01 11:53:59,1503.75,1503.75,1503.05,1503.25,20103,RELIANCE-EQ,RELIANCE,,,,
2020-01-01 11:54:59,1503.75,1503.75,1503.05,1503.25,20103,RELIANCE-EQ,RELIANCE,,,,
2020-01-01 11:55:59,1503.25,1503.65,1502.15,1503.65,40259,RELIANCE-EQ,RELIANCE,,,,
2020-01-01 11:56:59,1503.25,1503.65,1502.15,1503.65,40259,RELIANCE-EQ,RELIANCE,,,,
2020-01-01 11:57:59,1503.25,1503.65,1502.15,1503.65,40259,RELIANCE-EQ,RELIANCE,,,,
2020-01-01 11:58:59,1503.25,1503.65,1502.15,1503.65,40259,RELIANCE-EQ,RELIANCE,,,,
2020-01-01 11:59:59,1503.25,1503.65,1502.15,1503.65,40259,RELIANCE-EQ,RELIANCE,,,,
2020-01-01 12:00:59,1503.2,1505.55,1503.15,1504.95,38580,RELIANCE-EQ,RELIANCE,,,,
2020-01-01 12:01:59,1503.2,1505.55,1503.15,1504.95,38580,RELIANCE-EQ,RELIANCE,,,,
2020-01-01 12:02:59,1503.2,1505.55,1503.15,1504.95,38580,RELIANCE-EQ,RELIANCE,,,,
2020-01-01 12:03:59,1503.2,1505.55,1503.15,1504.95,38580,RELIANCE-EQ,RELIANCE,,,,
2020-01-01 12:04:59,1503.2,1505.55,1503.15,1504.95,38580,RELIANCE-EQ,RELIANCE,,,,
2020-01-01 12:05:59,1505.15,1505.15,1503.25,1503.75,30747,RELIANCE-EQ,RELIANCE,,,,
2020-01-01 12:06:59,1505.15,1505.15,1503.25,1503.75,30747,RELIANCE-EQ,RELIANCE,,,,
2020-01-01 12:07:59,1505.15,1505.15,1503.25,1503.75,30747,RELIANCE-EQ,RELIANCE,,,,
2020-01-01 12:08:59,1505.15,1505.15,1503.25,1503.75,30747,RELIANCE-EQ,RELIANCE,,,,
2020-01-01 12:09:59,1505.15,1505.15,1503.25,1503.75,30747,RELIANCE-EQ,RELIANCE,,,,
2020-01-01 12:10:59,1503.75,1504.4,1502.85,1503.65,42161,RELIANCE-EQ,RELIANCE,,,,
2020-01-01 12:11:59,1503.75,1504.4,1502.85,1503.65,42161,RELIANCE-EQ,RELIANCE,,,,
2020-01-01 12:12:59,1503.75,1504.4,1502.85,1503.65,42161,RELIANCE-EQ,RELIANCE,,,,
2020-01-01 12:13:59,1503.75,1504.4,1502.85,1503.65,42161,RELIANCE-EQ,RELIANCE,,,,
2020-01-01 12:14:59,1503.75,1504.4,1502.85,1503.65,42161,RELIANCE-EQ,RELIANCE,,,,
2020-01-01 12:15:59,1503.65,1505.25,1503.45,1504.15,38498,RELIANCE-EQ,RELIANCE,,,,
2020-01-01 12:16:59,1503.65,1505.25,1503.45,1504.15,38498,RELIANCE-EQ,RELIANCE,,,,
2020-01-01 12:17:59,1503.65,1505.25,1503.45,1504.15,38498,RELIANCE-EQ,RELIANCE,,,,
2020-01-01 12:18:59,1503.65,1505.25,1503.45,1504.15,38498,RELIANCE-EQ,RELIANCE,,,,
2020-01-01 12:19:59,1503.65,1505.25,1503.45,1504.15,38498,RELIANCE-EQ,RELIANCE,,,,
2020-01-01 12:20:59,1504.2,1504.5,1499.2,1500.7,166771,RELIANCE-EQ,RELIANCE,,,,
2020-01-01 12:21:59,1504.2,1504.5,1499.2,1500.7,166771,RELIANCE-EQ,RELIANCE,,,,
2020-01-01 12:22:59,1504.2,1504.5,1499.2,1500.7,166771,RELIANCE-EQ,RELIANCE,,,,
2020-01-01 12:23:59,1504.2,1504.5,1499.2,1500.7,166771,RELIANCE-EQ,RELIANCE,,,,
2020-01-01 12:24:59,1504.2,1504.5,1499.2,1500.7,166771,RELIANCE-EQ,RELIANCE,,,,
2020-01-01 12:25:59,1500.7,1500.75,1498.85,1499.6,106354,RELIANCE-EQ,RELIANCE,,,,
2020-01-01 12:26:59,1500.7,1500.75,1498.85,1499.6,106354,RELIANCE-EQ,RELIANCE,,,,
2020-01-01 12:27:59,1500.7,1500.75,1498.85,1499.6,106354,RELIANCE-EQ,RELIANCE,,,,
2020-01-01 12:28:59,1500.7,1500.75,1498.85,1499.6,106354,RELIANCE-EQ,RELIANCE,,,,
2020-01-01 12:29:59,1500.7,1500.75,1498.85,1499.6,106354,RELIANCE-EQ,RELIANCE,,,,
2020-01-01 12:30:59,1499.5,1500.7,1497.95,1500.65,114980,RELIANCE-EQ,RELIANCE,,,,
2020-01-01 12:31:59,1499.5,1500.7,1497.95,1500.65,114980,RELIANCE-EQ,RELIANCE,,,,
2020-01-01 12:32:59,1499.5,1500.7,1497.95,1500.65,114980,RELIANCE-EQ,RELIANCE,,,,
2020-01-01 12:33:59,1499.5,1500.7,1497.95,1500.65,114980,RELIANCE-EQ,RELIANCE,,,,
2020-01-01 12:34:59,1499.5,1500.7,1497.95,1500.65,114980,RELIANCE-EQ,RELIANCE,,,,
2020-01-01 12:35:59,1500.75,1501.8,1500.5,1500.75,45304,RELIANCE-EQ,RELIANCE,,,,
2020-01-01 12:36:59,1500.75,1501.8,1500.5,1500.75,45304,RELIANCE-EQ,RELIANCE,,,,
2020-01-01 12:37:59,1500.75,1501.8,1500.5,1500.75,45304,RELIANCE-EQ,RELIANCE,,,,
2020-01-01 12:38:59,1500.75,1501.8,1500.5,1500.75,45304,RELIANCE-EQ,RELIANCE,,,,
2020-01-01 12:39:59,1500.75,1501.8,1500.5,1500.75,45304,RELIANCE-EQ,RELIANCE,,,,
2020-01-01 12:40:59,1500.75,1500.95,1499.25,1500.35,43875,RELIANCE-EQ,RELIANCE,,,,
2020-01-01 12:41:59,1500.75,1500.95,1499.25,1500.35,43875,RELIANCE-EQ,RELIANCE,,,,
2020-01-01 12:42:59,1500.75,1500.95,1499.25,1500.35,43875,RELIANCE-EQ,RELIANCE,,,,
2020-01-01 12:43:59,1500.75,1500.95,1499.25,1500.35,43875,RELIANCE-EQ,RELIANCE,,,,
2020-01-01 12:44:59,1500.75,1500.95,1499.25,1500.35,43875,RELIANCE-EQ,RELIANCE,,,,
2020-01-01 12:45:59,1500.35,1501.75,1500.35,1501.55,36339,RELIANCE-EQ,RELIANCE,,,,
2020-01-01 12:46:59,1500.35,1501.75,1500.35,1501.55,36339,RELIANCE-EQ,RELIANCE,,,,
2020-01-01 12:47:59,1500.35,1501.75,1500.35,1501.55,36339,RELIANCE-EQ,RELIANCE,,,,
2020-01-01 12:48:59,1500.35,1501.75,1500.35,1501.55,36339,RELIANCE-EQ,RELIANCE,,,,
2020-01-01 12:49:59,1500.35,1501.75,1500.35,1501.55,36339,RELIANCE-EQ,RELIANCE,,,,
2020-01-01 12:50:59,1501.55,1501.75,1501.0,1501.6,34088,RELIANCE-EQ,RELIANCE,,,,
2020-01-01 12:51:59,1501.55,1501.75,1501.0,1501.6,34088,RELIANCE-EQ,RELIANCE,,,,
2020-01-01 12:52:59,1501.55,1501.75,1501.0,1501.6,34088,RELIANCE-EQ,RELIANCE,,,,
2020-01-01 12:53:59,1501.55,1501.75,1501.0,1501.6,34088,RELIANCE-EQ,RELIANCE,,,,
2020-01-01 12:54:59,1501.55,1501.75,1501.0,1501.6,34088,RELIANCE-EQ,RELIANCE,,,,
2020-01-01 12:55:59,1501.35,1501.6,1500.65,1500.75,29367,RELIANCE-EQ,RELIANCE,,,,
2020-01-01 12:56:59,1501.35,1501.6,1500.65,1500.75,29367,RELIANCE-EQ,RELIANCE,,,,
2020-01-01 12:57:59,1501.35,1501.6,1500.65,1500.75,29367,RELIANCE-EQ,RELIANCE,,,,
2020-01-01 12:58:59,1501.35,1501.6,1500.65,1500.75,29367,RELIANCE-EQ,RELIANCE,,,,
2020-01-01 12:59:59,1501.35,1501.6,1500.65,1500.75,29367,RELIANCE-EQ,RELIANCE,,,,
2020-01-01 13:00:59,1500.65,1500.75,1498.2,1499.2,72981,RELIANCE-EQ,RELIANCE,,,,
2020-01-01 13:01:59,1500.65,1500.75,1498.2,1499.2,72981,RELIANCE-EQ,RELIANCE,,,,
2020-01-01 13:02:59,1500.65,1500.75,1498.2,1499.2,72981,RELIANCE-EQ,RELIANCE,,,,
2020-01-01 13:03:59,1500.65,1500.75,1498.2,1499.2,72981,RELIANCE-EQ,RELIANCE,,,,
2020-01-01 13:04:59,1500.65,1500.75,1498.2,1499.2,72981,RELIANCE-EQ,RELIANCE,,,,
2020-01-01 13:05:59,1499.2,1500.55,1499.1,1499.3,47517,RELIANCE-EQ,RELIANCE,,,,
2020-01-01 13:06:59,1499.2,1500.55,1499.1,1499.3,47517,RELIANCE-EQ,RELIANCE,,,,
2020-01-01 13:07:59,1499.2,1500.55,1499.1,1499.3,47517,RELIANCE-EQ,RELIANCE,,,,
2020-01-01 13:08:59,1499.2,1500.55,1499.1,1499.3,47517,RELIANCE-EQ,RELIANCE,,,,
2020-01-01 13:09:59,1499.2,1500.55,1499.1,1499.3,47517,RELIANCE-EQ,RELIANCE,,,,
2020-01-01 13:10:59,1499.5,1499.8,1496.5,1497.3,116207,RELIANCE-EQ,RELIANCE,,,,
2020-01-01 13:11:59,1499.5,1499.8,1496.5,1497.3,116207,RELIANCE-EQ,RELIANCE,,,,
2020-01-01 13:12:59,1499.5,1499.8,1496.5,1497.3,116207,RELIANCE-EQ,RELIANCE,,,,
2020-01-01 13:13:59,1499.5,1499.8,1496.5,1497.3,116207,RELIANCE-EQ,RELIANCE,,,,
2020-01-01 13:14:59,1499.5,1499.8,1496.5,1497.3,116207,RELIANCE-EQ,RELIANCE,,,,
2020-01-01 13:15:59,1497.3,1498.8,1496.45,1498.1,104852,RELIANCE-EQ,RELIANCE,,,,
2020-01-01 13:16:59,1497.3,1498.8,1496.45,1498.1,104852,RELIANCE-EQ,RELIANCE,,,,
2020-01-01 13:17:59,1497.3,1498.8,1496.45,1498.1,104852,RELIANCE-EQ,RELIANCE,,,,
2020-01-01 13:18:59,1497.3,1498.8,1496.45,1498.1,104852,RELIANCE-EQ,RELIANCE,,,,
2020-01-01 13:19:59,1497.3,1498.8,1496.45,1498.1,104852,RELIANCE-EQ,RELIANCE,,,,
2020-01-01 13:20:59,1498.1,1499.3,1497.8,1497.85,51633,RELIANCE-EQ,RELIANCE,,,,
2020-01-01 13:21:59,1498.1,1499.3,1497.8,1497.85,51633,RELIANCE-EQ,RELIANCE,,,,
2020-01-01 13:22:59,1498.1,1499.3,1497.8,1497.85,51633,RELIANCE-EQ,RELIANCE,,,,
2020-01-01 13:23:59,1498.1,1499.3,1497.8,1497.85,51633,RELIANCE-EQ,RELIANCE,,,,
2020-01-01 13:24:59,1498.1,1499.3,1497.8,1497.85,51633,RELIANCE-EQ,RELIANCE,,,,
2020-01-01 13:25:59,1498.15,1499.2,1497.8,1498.8,30559,RELIANCE-EQ,RELIANCE,,,,
2020-01-01 13:26:59,1498.15,1499.2,1497.8,1498.8,30559,RELIANCE-EQ,RELIANCE,,,,
2020-01-01 13:27:59,1498.15,1499.2,1497.8,1498.8,30559,RELIANCE-EQ,RELIANCE,,,,
2020-01-01 13:28:59,1498.15,1499.2,1497.8,1498.8,30559,RELIANCE-EQ,RELIANCE,,,,
2020-01-01 13:29:59,1498.15,1499.2,1497.8,1498.8,30559,RELIANCE-EQ,RELIANCE,,,,
2020-01-01 13:30:59,1499.15,1500.1,1498.8,1499.7,38043,RELIANCE-EQ,RELIANCE,,,,
2020-01-01 13:31:59,1499.15,1500.1,1498.8,1499.7,38043,RELIANCE-EQ,RELIANCE,,,,
2020-01-01 13:32:59,1499.15,1500.1,1498.8,1499.7,38043,RELIANCE-EQ,RELIANCE,,,,
2020-01-01 13:33:59,1499.15,1500.1,1498.8,1499.7,38043,RELIANCE-EQ,RELIANCE,,,,
2020-01-01 13:34:59,1499.15,1500.1,1498.8,1499.7,38043,RELIANCE-EQ,RELIANCE,,,,
2020-01-01 13:35:59,1499.75,1499.75,1497.9,1498.1,33736,RELIANCE-EQ,RELIANCE,,,,
2020-01-01 13:36:59,1499.75,1499.75,1497.9,1498.1,33736,RELIANCE-EQ,RELIANCE,,,,
2020-01-01 13:37:59,1499.75,1499.75,1497.9,1498.1,33736,RELIANCE-EQ,RELIANCE,,,,
2020-01-01 13:38:59,1499.75,1499.75,1497.9,1498.1,33736,RELIANCE-EQ,RELIANCE,,,,
2020-01-01 13:39:59,1499.75,1499.75,1497.9,1498.1,33736,RELIANCE-EQ,RELIANCE,,,,
2020-01-01 13:40:59,1498.1,1499.3,1497.0,1499.3,85383,RELIANCE-EQ,RELIANCE,,,,
2020-01-01 13:41:59,1498.1,1499.3,1497.0,1499.3,85383,RELIANCE-EQ,RELIANCE,,,,
2020-01-01 13:42:59,1498.1,1499.3,1497.0,1499.3,85383,RELIANCE-EQ,RELIANCE,,,,
2020-01-01 13:43:59,1498.1,1499.3,1497.0,1499.3,85383,RELIANCE-EQ,RELIANCE,,,,
2020-01-01 13:44:59,1498.1,1499.3,1497.0,1499.3,85383,RELIANCE-EQ,RELIANCE,,,,
2020-01-01 13:45:59,1499.3,1499.8,1498.8,1499.75,26430,RELIANCE-EQ,RELIANCE,,,,
2020-01-01 13:46:59,1499.3,1499.8,1498.8,1499.75,26430,RELIANCE-EQ,RELIANCE,,,,
2020-01-01 13:47:59,1499.3,1499.8,1498.8,1499.75,26430,RELIANCE-EQ,RELIANCE,,,,
2020-01-01 13:48:59,1499.3,1499.8,1498.8,1499.75,26430,RELIANCE-EQ,RELIANCE,,,,
2020-01-01 13:49:59,1499.3,1499.8,1498.8,1499.75,26430,RELIANCE-EQ,RELIANCE,,,,
2020-01-01 13:50:59,1499.75,1504.55,1498.85,1503.0,147251,RELIANCE-EQ,RELIANCE,,,,
2020-01-01 13:51:59,1499.75,1504.55,1498.85,1503.0,147251,RELIANCE-EQ,RELIANCE,,,,
2020-01-01 13:52:59,1499.75,1504.55,1498.85,1503.0,147251,RELIANCE-EQ,RELIANCE,,,,
2020-01-01 13:53:59,1499.75,1504.55,1498.85,1503.0,147251,RELIANCE-EQ,RELIANCE,,,,
2020-01-01 13:54:59,1499.75,1504.55,1498.85,1503.0,147251,RELIANCE-EQ,RELIANCE,,,,
2020-01-01 13:55:59,1502.8,1507.4,1501.15,1501.2,244869,RELIANCE-EQ,RELIANCE,,,,
2020-01-01 13:56:59,1502.8,1507.4,1501.15,1501.2,244869,RELIANCE-EQ,RELIANCE,,,,
2020-01-01 13:57:59,1502.8,1507.4,1501.15,1501.2,244869,RELIANCE-EQ,RELIANCE,,,,
2020-01-01 13:58:59,1502.8,1507.4,1501.15,1501.2,244869,RELIANCE-EQ,RELIANCE,,,,
2020-01-01 13:59:59,1502.8,1507.4,1501.15,1501.2,244869,RELIANCE-EQ,RELIANCE,,,,
2020-01-01 14:00:59,1500.75,1501.95,1500.5,1500.65,84517,RELIANCE-EQ,RELIANCE,,,,
2020-01-01 14:01:59,1500.75,1501.95,1500.5,1500.65,84517,RELIANCE-EQ,RELIANCE,,,,
2020-01-01 14:02:59,1500.75,1501.95,1500.5,1500.65,84517,RELIANCE-EQ,RELIANCE,,,,
2020-01-01 14:03:59,1500.75,1501.95,1500.5,1500.65,84517,RELIANCE-EQ,RELIANCE,,,,
2020-01-01 14:04:59,1500.75,1501.95,1500.5,1500.65,84517,RELIANCE-EQ,RELIANCE,,,,
2020-01-01 14:05:59,1500.65,1501.05,1499.85,1500.75,73985,RELIANCE-EQ,RELIANCE,,,,
2020-01-01 14:06:59,1500.65,1501.05,1499.85,1500.75,73985,RELIANCE-EQ,RELIANCE,,,,
2020-01-01 14:07:59,1500.65,1501.05,1499.85,1500.75,73985,RELIANCE-EQ,RELIANCE,,,,
2020-01-01 14:08:59,1500.65,1501.05,1499.85,1500.75,73985,RELIANCE-EQ,RELIANCE,,,,
2020-01-01 14:09:59,1500.65,1501.05,1499.85,1500.75,73985,RELIANCE-EQ,RELIANCE,,,,
2020-01-01 14:10:59,1500.75,1500.75,1498.15,1499.25,134319,RELIANCE-EQ,RELIANCE,,,,
2020-01-01 14:11:59,1500.75,1500.75,1498.15,1499.25,134319,RELIANCE-EQ,RELIANCE,,,,
2020-01-01 14:12:59,1500.75,1500.75,1498.15,1499.25,134319,RELIANCE-EQ,RELIANCE,,,,
2020-01-01 14:13:59,1500.75,1500.75,1498.15,1499.25,134319,RELIANCE-EQ,RELIANCE,,,,
2020-01-01 14:14:59,1500.75,1500.75,1498.15,1499.25,134319,RELIANCE-EQ,RELIANCE,,,,
2020-01-01 14:15:59,1499.25,1499.25,1497.3,1498.3,101760,RELIANCE-EQ,RELIANCE,,,,
2020-01-01 14:16:59,1499.25,1499.25,1497.3,1498.3,101760,RELIANCE-EQ,RELIANCE,,,,
2020-01-01 14:17:59,1499.25,1499.25,1497.3,1498.3,101760,RELIANCE-EQ,RELIANCE,,,,
2020-01-01 14:18:59,1499.25,1499.25,1497.3,1498.3,101760,RELIANCE-EQ,RELIANCE,,,,
2020-01-01 14:19:59,1499.25,1499.25,1497.3,1498.3,101760,RELIANCE-EQ,RELIANCE,,,,
2020-01-01 14:20:59,1498.3,1499.25,1496.8,1497.45,81148,RELIANCE-EQ,RELIANCE,,,,
2020-01-01 14:21:59,1498.3,1499.25,1496.8,1497.45,81148,RELIANCE-EQ,RELIANCE,,,,
2020-01-01 14:22:59,1498.3,1499.25,1496.8,1497.45,81148,RELIANCE-EQ,RELIANCE,,,,
2020-01-01 14:23:59,1498.3,1499.25,1496.8,1497.45,81148,RELIANCE-EQ,RELIANCE,,,,
2020-01-01 14:24:59,1498.3,1499.25,1496.8,1497.45,81148,RELIANCE-EQ,RELIANCE,,,,
2020-01-01 14:25:59,1497.75,1497.75,1496.95,1497.2,38902,RELIANCE-EQ,RELIANCE,,,,
2020-01-01 14:26:59,1497.75,1497.75,1496.95,1497.2,38902,RELIANCE-EQ,RELIANCE,,,,
2020-01-01 14:27:59,1497.75,1497.75,1496.95,1497.2,38902,RELIANCE-EQ,RELIANCE,,,,
2020-01-01 14:28:59,1497.75,1497.75,1496.95,1497.2,38902,RELIANCE-EQ,RELIANCE,,,,
2020-01-01 14:29:59,1497.75,1497.75,1496.95,1497.2,38902,RELIANCE-EQ,RELIANCE,,,,
2020-01-01 14:30:59,1497.2,1497.25,1491.85,1492.55,327640,RELIANCE-EQ,RELIANCE,,,,
2020-01-01 14:31:59,1497.2,1497.25,1491.85,1492.55,327640,RELIANCE-EQ,RELIANCE,,,,
2020-01-01 14:32:59,1497.2,1497.25,1491.85,1492.55,327640,RELIANCE-EQ,RELIANCE,,,,
2020-01-01 14:33:59,1497.2,1497.25,1491.85,1492.55,327640,RELIANCE-EQ,RELIANCE,,,,
2020-01-01 14:34:59,1497.2,1497.25,1491.85,1492.55,327640,RELIANCE-EQ,RELIANCE,,,,
2020-01-01 14:35:59,1492.85,1494.6,1492.6,1494.0,139539,RELIANCE-EQ,RELIANCE,,,,
2020-01-01 14:36:59,1492.85,1494.6,1492.6,1494.0,139539,RELIANCE-EQ,RELIANCE,,,,
2020-01-01 14:37:59,1492.85,1494.6,1492.6,1494.0,139539,RELIANCE-EQ,RELIANCE,,,,
2020-01-01 14:38:59,1492.85,1494.6,1492.6,1494.0,139539,RELIANCE-EQ,RELIANCE,,,,
2020-01-01 14:39:59,1492.85,1494.6,1492.6,1494.0,139539,RELIANCE-EQ,RELIANCE,,,,
2020-01-01 14:40:59,1494.0,1497.5,1493.85,1496.8,108473,RELIANCE-EQ,RELIANCE,,,,
2020-01-01 14:41:59,1494.0,1497.5,1493.85,1496.8,108473,RELIANCE-EQ,RELIANCE,,,,
2020-01-01 14:42:59,1494.0,1497.5,1493.85,1496.8,108473,RELIANCE-EQ,RELIANCE,,,,
2020-01-01 14:43:59,1494.0,1497.5,1493.85,1496.8,108473,RELIANCE-EQ,RELIANCE,,,,
2020-01-01 14:44:59,1494.0,1497.5,1493.85,1496.8,108473,RELIANCE-EQ,RELIANCE,,,,
2020-01-01 14:45:59,1496.8,1496.8,1495.25,1495.4,66908,RELIANCE-EQ,RELIANCE,,,,
2020-01-01 14:46:59,1496.8,1496.8,1495.25,1495.4,66908,RELIANCE-EQ,RELIANCE,,,,
2020-01-01 14:47:59,1496.8,1496.8,1495.25,1495.4,66908,RELIANCE-EQ,RELIANCE,,,,
2020-01-01 14:48:59,1496.8,1496.8,1495.25,1495.4,66908,RELIANCE-EQ,RELIANCE,,,,
2020-01-01 14:49:59,1496.8,1496.8,1495.25,1495.4,66908,RELIANCE-EQ,RELIANCE,,,,
2020-01-01 14:50:59,1495.75,1496.6,1494.45,1495.6,73620,RELIANCE-EQ,RELIANCE,,,,
2020-01-01 14:51:59,1495.75,1496.6,1494.45,1495.6,73620,RELIANCE-EQ,RELIANCE,,,,
2020-01-01 14:52:59,1495.75,1496.6,1494.45,1495.6,73620,RELIANCE-EQ,RELIANCE,,,,
2020-01-01 14:53:59,1495.75,1496.6,1494.45,1495.6,73620,RELIANCE-EQ,RELIANCE,,,,
2020-01-01 14:54:59,1495.75,1496.6,1494.45,1495.6,73620,RELIANCE-EQ,RELIANCE,,,,
2020-01-01 14:55:59,1495.6,1495.75,1492.45,1494.25,140023,RELIANCE-EQ,RELIANCE,,,,
2020-01-01 14:56:59,1495.6,1495.75,1492.45,1494.25,140023,RELIANCE-EQ,RELIANCE,,,,
2020-01-01 14:57:59,1495.6,1495.75,1492.45,1494.25,140023,RELIANCE-EQ,RELIANCE,,,,
2020-01-01 14:58:59,1495.6,1495.75,1492.45,1494.25,140023,RELIANCE-EQ,RELIANCE,,,,
2020-01-01 14:59:59,1495.6,1495.75,1492.45,1494.25,140023,RELIANCE-EQ,RELIANCE,,,,
2020-01-01 15:00:59,1494.25,1495.8,1493.5,1495.8,112378,RELIANCE-EQ,RELIANCE,,,,
2020-01-01 15:01:59,1494.25,1495.8,1493.5,1495.8,112378,RELIANCE-EQ,RELIANCE,,,,
2020-01-01 15:02:59,1494.25,1495.8,1493.5,1495.8,112378,RELIANCE-EQ,RELIANCE,,,,
2020-01-01 15:03:59,1494.25,1495.8,1493.5,1495.8,112378,RELIANCE-EQ,RELIANCE,,,,
2020-01-01 15:04:59,1494.25,1495.8,1493.5,1495.8,112378,RELIANCE-EQ,RELIANCE,,,,
2020-01-01 15:05:59,1495.8,1497.8,1494.35,1495.35,192063,RELIANCE-EQ,RELIANCE,,,,
2020-01-01 15:06:59,1495.8,1497.8,1494.35,1495.35,192063,RELIANCE-EQ,RELIANCE,,,,
2020-01-01 15:07:59,1495.8,1497.8,1494.35,1495.35,192063,RELIANCE-EQ,RELIANCE,,,,
2020-01-01 15:08:59,1495.8,1497.8,1494.35,1495.35,192063,RELIANCE-EQ,RELIANCE,,,,
2020-01-01 15:09:59,1495.8,1497.8,1494.35,1495.35,192063,RELIANCE-EQ,RELIANCE,,,,
2020-01-01 15:10:59,1495.05,1495.8,1494.15,1495.35,128619,RELIANCE-EQ,RELIANCE,,,,
2020-01-01 15:11:59,1495.05,1495.8,1494.15,1495.35,128619,RELIANCE-EQ,RELIANCE,,,,
2020-01-01 15:12:59,1495.05,1495.8,1494.15,1495.35,128619,RELIANCE-EQ,RELIANCE,,,,
2020-01-01 15:13:59,1495.05,1495.8,1494.15,1495.35,128619,RELIANCE-EQ,RELIANCE,,,,
2020-01-01 15:14:59,1495.05,1495.8,1494.15,1495.35,128619,RELIANCE-EQ,RELIANCE,,,,
2020-01-01 15:15:59,1495.35,1495.8,1493.85,1495.25,371443,RELIANCE-EQ,RELIANCE,,,,
2020-01-01 15:16:59,1495.35,1495.8,1493.85,1495.25,371443,RELIANCE-EQ,RELIANCE,,,,
2020-01-01 15:17:59,1495.35,1495.8,1493.85,1495.25,371443,RELIANCE-EQ,RELIANCE,,,,
2020-01-01 15:18:59,1495.35,1495.8,1493.85,1495.25,371443,RELIANCE-EQ,RELIANCE,,,,
2020-01-01 15:19:59,1495.35,1495.8,1493.85,1495.25,371443,RELIANCE-EQ,RELIANCE,,,,
2020-01-01 15:20:59,1495.25,1497.6,1494.05,1497.6,175461,RELIANCE-EQ,RELIANCE,,,,
2020-01-01 15:21:59,1495.25,1497.6,1494.05,1497.6,175461,RELIANCE-EQ,RELIANCE,,,,
2020-01-01 15:22:59,1495.25,1497.6,1494.05,1497.6,175461,RELIANCE-EQ,RELIANCE,,,,
2020-01-01 15:23:59,1495.25,1497.6,1494.05,1497.6,175461,RELIANCE-EQ,RELIANCE,,,,
2020-01-01 15:24:59,1495.25,1497.6,1494.05,1497.6,175461,RELIANCE-EQ,RELIANCE,,,,
2020-01-01 15:25:59,1496.8,1497.75,1495.8,1497.6,144717,RELIANCE-EQ,RELIANCE,,,,
2020-01-01 15:26:59,1496.8,1497.75,1495.8,1497.6,144717,RELIANCE-EQ,RELIANCE,,,,
2020-01-01 15:27:59,1496.8,1497.75,1495.8,1497.6,144717,RELIANCE-EQ,RELIANCE,,,,
2020-01-01 15:28:59,1496.8,1497.75,1495.8,1497.6,144717,RELIANCE-EQ,RELIANCE,,,,
2020-01-01 15:29:59,1496.8,1497.75,1495.8,1497.6,144717,RELIANCE-EQ,RELIANCE,,,,
